no,image_name,detect_num,type,type_id,image_height,image_width,figure,points,count,center_x,center_y,area,defect_height,defect_width,crack_straight,crack_ratio of perimeter and area,crack_cir,date
1,ST1_WB_SI_DETECT_0001,0001,etc,etc_0001,577,1826,,"[[1502, 234], [1502, 264], [1505, 264], [1506, 265], [1506, 266], [1507, 267], [1507, 269], [1508, 270], [1508, 272], [1509, 273], [1509, 276], [1510, 277], [1510, 278], [1509, 279], [1509, 281], [1507, 283], [1507, 284], [1506, 285], [1502, 285], [1502, 293], [1510, 293], [1510, 290], [1512, 288], [1513, 288], [1515, 286], [1515, 285], [1516, 284], [1516, 283], [1517, 282], [1517, 281]]",30,,,888.0,23.0,59.0,,,,2025-09-02
2,ST1_WB_SI_DETECT_0001,0002,etc,etc_0002,577,1826,,"[[558, 238], [558, 265], [561, 265], [562, 266], [562, 267], [563, 268], [563, 271], [564, 272], [564, 274], [567, 277], [567, 281], [572, 281], [572, 278], [573, 277], [573, 276], [575, 274], [575, 273], [576, 272], [576, 271], [577, 270], [577, 269], [578, 268], [578, 266], [579, 265], [579, 262], [580, 261], [580, 256], [581, 255], [581, 254], [580, 253]]",30,,,718.0,23.0,43.0,,,,2025-09-02
3,ST1_WB_SI_DETECT_0001,0003,etc,etc_0003,577,1826,,"[[1370, 238], [1370, 273], [1373, 273], [1375, 275], [1375, 276], [1376, 276], [1377, 277], [1378, 277], [1381, 274], [1381, 272], [1382, 271], [1382, 269], [1383, 268], [1383, 267], [1384, 266], [1384, 265], [1385, 264], [1385, 263], [1386, 262], [1386, 261], [1389, 258], [1389, 257], [1390, 256], [1390, 255], [1391, 254], [1391, 251], [1392, 250], [1392, 245], [1391, 244], [1391, 238]]",30,,,654.0,22.0,39.0,,,,2025-09-02
4,ST1_WB_SI_DETECT_0002,0001,crack,crack_0001,569,1814,,"[[906, 506], [906, 520], [913, 520], [913, 506]]",4,,,98.0,7.0,14.0,,,,2025-09-02
5,ST1_WB_SI_DETECT_0006,0001,crack,crack_0001,602,1918,,"[[718, 210], [725, 220], [729, 221], [733, 223], [736, 224], [742, 229], [747, 232], [749, 235], [751, 237], [757, 244], [758, 247], [760, 250], [761, 253], [763, 257], [764, 267], [764, 280], [761, 287], [756, 293], [759, 293], [766, 286], [768, 282], [773, 276], [769, 265], [768, 258], [766, 253], [765, 250], [763, 247], [762, 243], [758, 238], [755, 233]]",30,,,563.5,55.0,84.0,,,,2025-09-02
6,ST1_WB_SI_DETECT_0008,0001,crack,crack_0001,630,2002,,"[[746, 218], [756, 227], [761, 229], [768, 231], [772, 233], [776, 235], [782, 239], [793, 250], [796, 255], [799, 260], [801, 264], [803, 273], [805, 290], [803, 296], [800, 303], [798, 310], [803, 305], [807, 299], [809, 294], [810, 272], [808, 265], [806, 260], [804, 256], [801, 251], [795, 243], [783, 233], [779, 231], [774, 228], [770, 226], [763, 224]]",30,,,784.0,67.0,92.0,,,,2025-09-02
7,ST1_WB_SI_DETECT_0010,0001,etc,etc_0001,646,2058,,"[[526, 242], [526, 250], [530, 250], [531, 251], [537, 251], [538, 252], [543, 252], [544, 253], [545, 253], [546, 254], [546, 257], [557, 257], [557, 252], [554, 252], [550, 248], [549, 248], [548, 247], [547, 247], [546, 246], [546, 242]]",20,,,269.0,31.0,15.0,,,,2025-09-02
8,ST1_WB_SI_DETECT_0010,0002,crack,crack_0002,646,2058,,"[[770, 214], [778, 222], [786, 224], [792, 226], [797, 228], [802, 231], [806, 233], [813, 238], [821, 246], [825, 252], [827, 256], [829, 260], [831, 265], [833, 272], [835, 279], [835, 293], [833, 297], [829, 303], [823, 309], [829, 308], [834, 303], [836, 299], [839, 293], [841, 279], [839, 271], [837, 266], [835, 260], [833, 256], [831, 251], [827, 245]]",30,,,725.5,71.0,96.0,,,,2025-09-02
9,ST1_WB_SI_DETECT_0012,0001,crack,crack_0001,662,2070,,"[[770, 226], [781, 237], [789, 239], [795, 242], [803, 244], [809, 248], [816, 252], [830, 268], [833, 274], [836, 279], [838, 284], [841, 291], [843, 305], [840, 316], [837, 322], [831, 330], [836, 329], [843, 321], [846, 316], [848, 304], [847, 292], [845, 285], [842, 279], [840, 273], [837, 268], [833, 261], [822, 250], [813, 242], [808, 240], [801, 237]]",30,,,864.5,79.0,105.0,,,,2025-09-02
10,ST1_WB_SI_DETECT_0013,0001,crack,crack_0001,665,2080,,"[[782, 226], [791, 234], [798, 236], [803, 238], [807, 240], [811, 242], [815, 244], [819, 246], [831, 258], [834, 263], [837, 268], [840, 273], [842, 278], [844, 284], [846, 305], [844, 311], [841, 317], [847, 314], [850, 308], [849, 281], [847, 275], [845, 270], [842, 264], [838, 258], [827, 245], [821, 241], [816, 238], [812, 236], [808, 234], [803, 232]]",30,,,776.5,71.0,93.0,,,,2025-09-02
11,ST1_WB_SI_DETECT_0015,0001,etc,etc_0001,645,2044,,"[[1470, 242], [1470, 296], [1473, 296], [1474, 297], [1474, 305], [1493, 305], [1493, 298], [1488, 293], [1488, 291], [1487, 290], [1487, 287], [1486, 286], [1486, 280], [1487, 279], [1487, 277], [1488, 276], [1488, 274], [1489, 273], [1489, 272], [1490, 271], [1490, 269], [1492, 267], [1492, 265], [1493, 264], [1493, 263], [1494, 262], [1497, 262], [1497, 255], [1494, 255], [1492, 253]]",30,,,1250.0,27.0,63.0,,,,2025-09-02
12,ST1_WB_SI_DETECT_0016,0001,crack,crack_0001,622,1946,,"[[722, 222], [732, 234], [738, 236], [742, 238], [746, 240], [751, 243], [756, 246], [765, 255], [768, 260], [770, 264], [772, 268], [774, 273], [776, 280], [778, 294], [776, 300], [774, 304], [772, 308], [769, 314], [777, 309], [780, 303], [782, 297], [784, 290], [782, 280], [780, 274], [778, 267], [776, 263], [773, 258], [769, 251], [757, 239], [753, 237]]",30,,,687.5,62.0,92.0,,,,2025-09-02
13,ST1_WB_SI_DETECT_0016,0002,etc,etc_0002,622,1946,,"[[1546, 262], [1546, 291], [1549, 291], [1550, 292], [1550, 293], [1551, 294], [1551, 297], [1552, 298], [1552, 299], [1553, 300], [1553, 305], [1555, 305], [1555, 302], [1556, 301], [1557, 301], [1558, 300], [1558, 299], [1559, 298], [1559, 296], [1560, 295], [1560, 287], [1559, 286], [1559, 284], [1560, 283], [1560, 276], [1559, 275], [1559, 267], [1558, 266], [1558, 262]]",29,,,473.0,14.0,43.0,,,,2025-09-02
14,ST1_WB_SI_DETECT_0017,0001,crack,crack_0001,616,1942,,"[[726, 210], [731, 218], [737, 219], [740, 221], [743, 222], [746, 224], [749, 225], [755, 230], [769, 244], [771, 247], [772, 251], [774, 254], [775, 258], [777, 262], [778, 271], [778, 277], [777, 283], [775, 286], [774, 289], [770, 294], [768, 301], [772, 296], [776, 294], [781, 288], [782, 285], [784, 281], [783, 263], [781, 259], [780, 253], [778, 250]]",30,,,691.5,58.0,91.0,,,,2025-09-02
15,ST1_WB_SI_DETECT_0022,0001,etc,etc_0001,567,1816,,"[[1286, 230], [1286, 265], [1289, 265], [1291, 267], [1291, 269], [1292, 270], [1292, 271], [1293, 272], [1293, 274], [1294, 275], [1294, 278], [1295, 279], [1296, 279], [1297, 280], [1298, 280], [1299, 279], [1300, 279], [1301, 278], [1305, 278], [1305, 269], [1302, 269], [1301, 268], [1301, 254], [1300, 253], [1300, 237], [1299, 236], [1299, 230]]",27,,,653.0,19.0,50.0,,,,2025-09-02
16,ST1_WB_SI_DETECT_0032,0001,etc,etc_0001,595,1932,,"[[662, 258], [662, 276], [665, 276], [667, 278], [667, 279], [669, 281], [669, 282], [671, 284], [671, 285], [672, 286], [672, 287], [674, 289], [674, 290], [677, 293], [678, 293], [679, 292], [680, 292], [682, 290], [685, 290], [685, 270], [682, 270], [677, 265], [676, 265], [674, 263], [673, 263], [671, 261], [671, 258]]",27,,,524.0,23.0,35.0,,,,2025-09-02
17,ST1_WB_SI_DETECT_0035,0001,crack,crack_0001,608,1934,,"[[766, 2], [766, 49], [770, 49], [770, 23], [771, 22], [771, 19], [772, 18], [772, 8], [773, 7], [773, 2]]",10,,,230.5,7.0,47.0,,,,2025-09-02
18,ST1_WB_SI_DETECT_0039,0001,etc,etc_0001,575,1860,,"[[1466, 270], [1466, 284], [1472, 284], [1473, 285], [1474, 285], [1475, 284], [1477, 284], [1480, 281], [1480, 280], [1482, 278], [1485, 278], [1485, 275], [1482, 275], [1481, 274], [1481, 270]]",15,,,216.0,19.0,15.0,,,,2025-09-02
19,ST1_WB_SI_DETECT_0041,0001,etc,etc_0001,564,1844,,"[[1298, 238], [1298, 249], [1301, 249], [1303, 247], [1304, 247], [1304, 246], [1309, 241], [1309, 238]]",8,,,89.5,11.0,11.0,,,,2025-09-02
20,ST1_WB_SI_DETECT_0042,0001,etc,etc_0001,579,1872,,"[[1546, 266], [1546, 270], [1543, 273], [1543, 274], [1542, 275], [1538, 275], [1538, 285], [1556, 285], [1556, 282], [1557, 281], [1558, 281], [1559, 280], [1560, 280], [1561, 279], [1565, 279], [1565, 266]]",16,,,405.5,27.0,19.0,,,,2025-09-02
21,ST1_WB_SI_DETECT_0046,0001,etc,etc_0001,599,1918,,"[[1298, 286], [1298, 301], [1309, 301], [1309, 297], [1310, 296], [1313, 296], [1313, 293], [1310, 293], [1309, 292], [1309, 291], [1308, 290], [1308, 286]]",12,,,173.5,15.0,15.0,,,,2025-09-02
22,ST1_WB_SI_DETECT_0047,0001,etc,etc_0001,596,1920,,"[[1606, 234], [1606, 249], [1610, 249], [1611, 250], [1611, 253], [1619, 253], [1619, 250], [1621, 248], [1625, 248], [1625, 239], [1621, 239], [1620, 238], [1620, 234]]",13,,,289.0,19.0,19.0,,,,2025-09-02
23,ST1_WB_SI_DETECT_0048,0001,etc,etc_0001,610,1960,,"[[1250, 266], [1250, 281], [1261, 281], [1261, 266]]",4,,,165.0,11.0,15.0,,,,2025-09-02
24,ST1_WB_SI_DETECT_0051,0001,crack,crack_0001,640,2004,,"[[1002, 522], [1002, 526], [1006, 526], [1007, 527], [1009, 527], [1010, 528], [1011, 528], [1012, 529], [1013, 529], [1015, 531], [1016, 531], [1017, 532], [1018, 532], [1020, 534], [1020, 537], [1023, 537], [1023, 528], [1021, 528], [1019, 526], [1019, 522]]",20,,,145.0,21.0,15.0,,,,2025-09-02
25,ST1_WB_SI_DETECT_0057,0001,etc,etc_0001,696,2176,,"[[1854, 282], [1854, 308], [1858, 308], [1862, 312], [1863, 311], [1867, 311], [1868, 310], [1868, 309], [1869, 308], [1869, 302], [1870, 301], [1870, 298], [1871, 297], [1871, 296], [1873, 294], [1877, 294], [1877, 289], [1873, 289], [1870, 286], [1870, 282]]",20,,,481.0,23.0,30.0,,,,2025-09-02
26,ST1_WB_SI_DETECT_0060,0001,etc,etc_0001,682,2152,,"[[442, 302], [442, 308], [447, 308], [448, 309], [460, 309], [461, 308], [465, 308], [466, 307], [467, 307], [468, 306], [468, 302]]",11,,,166.0,26.0,7.0,,,,2025-09-02
27,ST1_WB_SI_DETECT_0061,0001,etc,etc_0001,676,2148,,"[[1570, 322], [1570, 337], [1593, 337], [1593, 328], [1590, 328], [1588, 326], [1588, 322]]",7,,,317.0,23.0,15.0,,,,2025-09-02
28,ST1_WB_SI_DETECT_0064,0001,crack,crack_0001,645,2048,,"[[1518, 266], [1518, 269], [1516, 271], [1514, 271], [1513, 272], [1512, 272], [1511, 273], [1510, 273], [1509, 274], [1508, 274], [1507, 275], [1506, 275], [1505, 276], [1504, 276], [1503, 277], [1502, 277], [1501, 278], [1498, 278], [1498, 289], [1503, 289], [1503, 286], [1505, 284], [1506, 284], [1509, 281], [1510, 281], [1511, 280], [1513, 280], [1514, 279], [1515, 279], [1517, 277]]",30,,,303.5,37.0,23.0,,,,2025-09-02
29,ST1_WB_SI_DETECT_0065,0001,etc,etc_0001,621,1980,,"[[1506, 262], [1506, 285], [1511, 285], [1511, 282], [1514, 279], [1515, 279], [1519, 275], [1519, 269], [1517, 267], [1516, 267], [1514, 265], [1514, 262]]",12,,,222.5,13.0,23.0,,,,2025-09-02
30,ST1_WB_SI_DETECT_0066,0001,etc,etc_0001,597,1928,,"[[358, 274], [358, 281], [362, 281], [363, 280], [364, 280], [366, 278], [367, 278], [367, 274]]",8,,,54.5,9.0,7.0,,,,2025-09-02
31,ST1_WB_SI_DETECT_0067,0001,etc,etc_0001,589,1886,,"[[1434, 230], [1434, 249], [1446, 249], [1446, 246], [1448, 244], [1448, 243], [1450, 241], [1450, 239], [1451, 238], [1451, 234], [1450, 233], [1450, 230]]",12,,,287.0,17.0,19.0,,,,2025-09-02
32,ST1_WB_SI_DETECT_0067,0002,etc,etc_0002,589,1886,,"[[410, 270], [410, 276], [420, 276], [421, 275], [423, 275], [425, 273], [425, 270]]",7,,,83.5,15.0,6.0,,,,2025-09-02
33,ST1_WB_SI_DETECT_0070,0001,etc,etc_0001,568,1814,,"[[329, 238], [329, 241], [328, 242], [327, 242], [326, 243], [322, 243], [322, 248], [330, 248], [331, 247], [333, 247], [334, 246], [336, 246], [337, 245], [338, 245], [339, 244], [340, 244], [341, 243], [345, 243], [345, 238]]",19,,,152.5,23.0,10.0,,,,2025-09-02
34,ST1_WB_SI_DETECT_0072,0001,etc,etc_0001,583,1872,,"[[1378, 258], [1378, 262], [1382, 262], [1383, 263], [1384, 263], [1386, 265], [1387, 265], [1388, 266], [1389, 266], [1390, 267], [1394, 267], [1396, 265], [1394, 263], [1393, 263], [1392, 262], [1392, 258]]",16,,,99.0,18.0,9.0,,,,2025-09-02
35,ST1_WB_SI_DETECT_0079,0001,etc,etc_0001,629,1998,,"[[366, 294], [366, 301], [377, 301], [377, 294]]",4,,,77.0,11.0,7.0,,,,2025-09-02
36,ST1_WB_SI_DETECT_0084,0001,etc,etc_0001,576,1854,,"[[1391, 230], [1391, 233], [1389, 235], [1386, 235], [1386, 261], [1390, 261], [1390, 258], [1391, 257], [1391, 256], [1392, 255], [1392, 251], [1393, 250], [1393, 243], [1396, 240], [1397, 240], [1398, 239], [1399, 239], [1401, 237], [1405, 237], [1405, 230]]",20,,,281.5,19.0,31.0,,,,2025-09-02
37,ST1_WB_SI_DETECT_0089,0001,etc,etc_0001,586,1866,,"[[390, 258], [390, 270], [393, 270], [394, 271], [394, 273], [398, 277], [399, 277], [400, 278], [401, 278], [402, 279], [405, 279], [406, 278], [410, 278], [411, 279], [412, 279], [413, 280], [413, 281], [414, 282], [414, 285], [421, 285], [421, 258]]",21,,,634.5,31.0,27.0,,,,2025-09-02
38,ST1_WB_SI_DETECT_0089,0002,etc,etc_0002,586,1866,,"[[1502, 278], [1502, 288], [1513, 288], [1514, 287], [1517, 287], [1518, 286], [1519, 286], [1520, 285], [1520, 278]]",9,,,170.5,18.0,10.0,,,,2025-09-02
39,ST1_WB_SI_DETECT_0090,0001,etc,etc_0001,587,1890,,"[[411, 258], [411, 261], [409, 263], [406, 263], [406, 273], [413, 273], [413, 270], [417, 266], [418, 266], [421, 263], [425, 263], [425, 258]]",12,,,169.5,19.0,15.0,,,,2025-09-02
40,ST1_WB_SI_DETECT_0091,0001,etc,etc_0001,608,1884,,"[[624, 266], [624, 269], [623, 270], [622, 270], [621, 271], [617, 271], [612, 276], [611, 276], [608, 279], [605, 279], [604, 280], [603, 280], [602, 281], [601, 281], [600, 282], [599, 282], [598, 283], [594, 283], [591, 280], [590, 280], [589, 279], [586, 279], [586, 298], [598, 298], [606, 290], [608, 290], [609, 289], [611, 289], [612, 290], [614, 290]]",30,,,660.0,51.0,32.0,,,,2025-09-02
41,ST1_WB_SI_DETECT_0092,0001,etc,etc_0001,605,1932,,"[[594, 282], [594, 301], [598, 301], [598, 298], [599, 297], [601, 297], [605, 293], [605, 292], [606, 291], [609, 291], [609, 288], [606, 288], [604, 286], [604, 282]]",14,,,182.0,15.0,19.0,,,,2025-09-02
42,ST1_WB_SI_DETECT_0101,0001,etc,etc_0001,654,2072,,"[[451, 278], [451, 283], [449, 285], [446, 285], [446, 302], [449, 302], [451, 300], [451, 299], [452, 298], [452, 297], [453, 296], [453, 295], [454, 294], [454, 293], [455, 292], [455, 290], [456, 289], [456, 288], [458, 286], [461, 286], [461, 278]]",21,,,208.5,15.0,24.0,,,,2025-09-02
43,ST1_WB_SI_DETECT_0102,0001,etc,etc_0001,649,2030,,"[[394, 282], [394, 297], [405, 297], [405, 282]]",4,,,165.0,11.0,15.0,,,,2025-09-02
44,ST1_WB_SI_DETECT_0102,0002,etc,etc_0002,649,2030,,"[[1701, 302], [1701, 305], [1699, 307], [1698, 307], [1697, 308], [1696, 308], [1694, 310], [1693, 310], [1690, 313], [1686, 313], [1686, 321], [1689, 321], [1690, 320], [1693, 320], [1694, 319], [1695, 319], [1697, 317], [1698, 317], [1699, 316], [1700, 316], [1702, 314], [1703, 314], [1705, 312], [1706, 312], [1709, 309], [1713, 309], [1713, 302]]",27,,,244.0,27.0,19.0,,,,2025-09-02
45,ST1_WB_SI_DETECT_0102,0003,etc,etc_0003,649,2030,,"[[398, 314], [398, 321], [401, 321], [403, 323], [403, 324], [404, 325], [404, 326], [406, 328], [407, 328], [408, 329], [408, 333], [415, 333], [415, 330], [416, 329], [416, 328], [417, 327], [417, 325], [416, 324], [416, 323], [413, 320], [412, 320], [409, 317], [409, 314]]",23,,,211.5,19.0,19.0,,,,2025-09-02
46,ST1_WB_SI_DETECT_0102,0004,etc,etc_0004,649,2030,,"[[678, 334], [678, 345], [681, 345], [682, 344], [683, 344], [687, 340], [688, 340], [690, 338], [690, 334]]",9,,,101.5,12.0,11.0,,,,2025-09-02
47,ST1_WB_SI_DETECT_0105,0001,etc,etc_0001,599,1908,,"[[1414, 246], [1419, 254], [1422, 259], [1426, 262], [1430, 264], [1434, 267], [1438, 268], [1441, 270], [1445, 271], [1449, 274], [1454, 275], [1458, 277], [1463, 278], [1469, 280], [1473, 285], [1480, 281], [1487, 280], [1493, 274], [1487, 273], [1483, 270], [1480, 269], [1477, 267], [1473, 266], [1467, 264], [1463, 263], [1460, 261], [1454, 260], [1451, 258], [1446, 257], [1442, 255]]",30,,,1067.5,79.0,39.0,,,,2025-09-02
48,ST1_WB_SI_DETECT_0105,0002,etc,etc_0002,599,1908,,"[[1286, 270], [1286, 274], [1290, 274], [1291, 275], [1295, 275], [1296, 274], [1301, 274], [1301, 270]]",8,,,65.0,15.0,5.0,,,,2025-09-02
49,ST1_WB_SI_DETECT_0106,0001,etc,etc_0001,599,1906,,"[[1438, 242], [1438, 251], [1442, 251], [1443, 250], [1444, 250], [1445, 249], [1449, 249], [1449, 242]]",8,,,88.0,11.0,9.0,,,,2025-09-02
50,ST1_WB_SI_DETECT_0106,0002,etc,etc_0002,599,1906,,"[[1574, 258], [1574, 264], [1578, 264], [1579, 263], [1581, 263], [1582, 262], [1585, 262], [1585, 258]]",8,,,56.0,11.0,6.0,,,,2025-09-02
51,ST1_WB_SI_DETECT_0108,0001,etc,etc_0001,592,1890,,"[[1398, 218], [1398, 242], [1402, 242], [1404, 244], [1405, 244], [1406, 245], [1407, 245], [1408, 246], [1408, 249], [1418, 249], [1418, 246], [1419, 245], [1426, 245], [1427, 244], [1428, 244], [1428, 243], [1429, 242], [1429, 239], [1428, 238], [1428, 231], [1427, 230], [1427, 228], [1426, 227], [1426, 226], [1425, 225], [1425, 224], [1423, 222], [1423, 218]]",28,,,796.5,31.0,31.0,,,,2025-09-02
52,ST1_WB_SI_DETECT_0108,0002,crack,crack_0002,592,1890,,"[[694, 206], [699, 212], [704, 214], [709, 216], [715, 218], [719, 220], [723, 222], [730, 227], [739, 238], [743, 245], [745, 249], [747, 254], [749, 261], [751, 271], [749, 279], [747, 283], [743, 290], [750, 284], [752, 278], [754, 259], [751, 250], [749, 245], [747, 240], [743, 234], [738, 227], [728, 219], [723, 216], [719, 214], [714, 212], [710, 210]]",30,,,612.5,63.0,84.0,,,,2025-09-02
53,ST1_WB_SI_DETECT_0110,0001,etc,etc_0001,588,1882,,"[[1366, 226], [1366, 230], [1361, 235], [1358, 235], [1358, 249], [1362, 249], [1364, 251], [1365, 251], [1366, 252], [1369, 252], [1370, 253], [1371, 252], [1374, 252], [1375, 251], [1376, 251], [1381, 246], [1385, 246], [1385, 231], [1381, 231], [1380, 230], [1380, 226]]",21,,,558.5,27.0,27.0,,,,2025-09-02
54,ST1_WB_SI_DETECT_0111,0001,etc,etc_0001,569,1846,,"[[1290, 226], [1290, 239], [1296, 239], [1297, 238], [1301, 238], [1301, 231], [1298, 231], [1297, 230], [1297, 226]]",9,,,119.0,11.0,13.0,,,,2025-09-02
55,ST1_WB_SI_DETECT_0113,0001,etc,etc_0001,582,1834,,"[[542, 274], [542, 282], [547, 282], [548, 283], [549, 283], [550, 284], [554, 284], [556, 282], [555, 281], [555, 280], [552, 277], [552, 274]]",12,,,104.0,14.0,10.0,,,,2025-09-02
56,ST1_WB_SI_DETECT_0114,0001,etc,etc_0001,588,1852,,"[[294, 250], [294, 263], [299, 263], [300, 264], [303, 264], [305, 262], [309, 262], [309, 259], [306, 259], [304, 257], [304, 254], [298, 254], [297, 253], [297, 250]]",14,,,124.0,15.0,14.0,,,,2025-09-02
57,ST1_WB_SI_DETECT_0114,0002,etc,etc_0002,588,1852,,"[[307, 250], [307, 255], [308, 256], [310, 256], [311, 257], [316, 257], [317, 256], [319, 256], [320, 255], [322, 255], [324, 253], [324, 250]]",12,,,101.0,17.0,7.0,,,,2025-09-02
58,ST1_WB_SI_DETECT_0114,0003,etc,etc_0003,588,1852,,"[[354, 250], [354, 261], [369, 261], [369, 255], [368, 254], [368, 250]]",6,,,160.5,15.0,11.0,,,,2025-09-02
59,ST1_WB_SI_DETECT_0115,0001,etc,etc_0001,594,1898,,"[[1302, 226], [1302, 244], [1305, 244], [1307, 246], [1307, 249], [1315, 249], [1315, 245], [1316, 244], [1317, 244], [1323, 238], [1323, 237], [1324, 236], [1324, 230], [1323, 229], [1323, 226]]",15,,,409.5,22.0,23.0,,,,2025-09-02
60,ST1_WB_SI_DETECT_0117,0001,etc,etc_0001,623,1928,,"[[324, 286], [324, 289], [323, 290], [323, 291], [321, 293], [318, 293], [318, 309], [323, 309], [324, 310], [324, 313], [328, 313], [328, 310], [329, 309], [330, 309], [331, 308], [333, 308], [335, 306], [336, 306], [338, 304], [341, 304], [341, 292], [338, 292], [336, 290], [336, 286]]",24,,,449.0,23.0,27.0,,,,2025-09-02
61,ST1_WB_SI_DETECT_0119,0001,etc,etc_0001,640,2014,,"[[1510, 246], [1510, 255], [1513, 255], [1515, 257], [1515, 258], [1516, 259], [1516, 260], [1517, 261], [1517, 262], [1519, 264], [1519, 265], [1521, 267], [1521, 269], [1522, 270], [1522, 271], [1523, 272], [1523, 274], [1524, 275], [1524, 279], [1525, 280], [1525, 286], [1526, 287], [1526, 297], [1532, 297], [1532, 288], [1533, 287], [1533, 282], [1532, 281], [1532, 276], [1533, 275]]",30,,,736.5,39.0,51.0,,,,2025-09-02
62,ST1_WB_SI_DETECT_0119,0002,etc,etc_0002,640,2014,,"[[1570, 266], [1570, 281], [1577, 281], [1577, 266]]",4,,,105.0,7.0,15.0,,,,2025-09-02
63,ST1_WB_SI_DETECT_0119,0003,etc,etc_0003,640,2014,,"[[430, 302], [430, 313], [441, 313], [441, 302]]",4,,,121.0,11.0,11.0,,,,2025-09-02
64,ST1_WB_SI_DETECT_0120,0001,etc,etc_0001,588,1922,,"[[363, 290], [363, 293], [361, 295], [358, 295], [358, 309], [362, 309], [363, 310], [363, 311], [364, 311], [365, 312], [373, 312], [374, 311], [375, 311], [376, 310], [377, 310], [380, 307], [380, 306], [382, 304], [385, 304], [385, 300], [382, 300], [381, 299], [381, 298], [379, 296], [379, 295], [377, 293], [377, 290]]",27,,,440.0,27.0,22.0,,,,2025-09-02
65,ST1_WB_SI_DETECT_0124,0001,etc,etc_0001,596,1912,,"[[1497, 250], [1497, 256], [1496, 257], [1496, 258], [1495, 259], [1495, 260], [1491, 264], [1490, 264], [1489, 265], [1488, 265], [1487, 266], [1482, 266], [1482, 277], [1499, 277], [1499, 273], [1502, 270], [1503, 270], [1504, 269], [1510, 269], [1511, 268], [1512, 268], [1514, 266], [1517, 266], [1517, 259], [1513, 259], [1512, 258], [1510, 258], [1508, 256], [1507, 256], [1505, 254]]",30,,,503.0,35.0,27.0,,,,2025-09-02
66,ST1_WB_SI_DETECT_0124,0002,etc,etc_0002,596,1912,,"[[1414, 262], [1414, 279], [1422, 279], [1424, 277], [1424, 276], [1423, 275], [1423, 273], [1424, 272], [1437, 272], [1438, 271], [1440, 271], [1441, 270], [1443, 270], [1444, 269], [1445, 269], [1446, 268], [1449, 268], [1449, 262]]",18,,,386.0,35.0,17.0,,,,2025-09-02
67,ST1_WB_SI_DETECT_0130,0001,etc,etc_0001,564,1792,,"[[510, 246], [510, 263], [513, 263], [514, 264], [514, 269], [518, 269], [518, 265], [522, 261], [525, 261], [525, 251], [522, 251], [520, 249], [520, 246]]",13,,,250.5,15.0,23.0,,,,2025-09-02
68,ST1_WB_SI_DETECT_0131,0001,etc,etc_0001,588,1862,,"[[298, 270], [298, 281], [301, 281], [302, 282], [302, 285], [307, 285], [307, 282], [308, 281], [308, 280], [309, 279], [313, 279], [313, 270]]",12,,,176.5,15.0,15.0,,,,2025-09-02
69,ST1_WB_SI_DETECT_0131,0002,etc,etc_0002,588,1862,,"[[1474, 290], [1474, 300], [1486, 300], [1487, 299], [1490, 299], [1491, 298], [1491, 294], [1490, 293], [1490, 290]]",9,,,161.5,17.0,10.0,,,,2025-09-02
70,ST1_WB_SI_DETECT_0135,0001,etc,etc_0001,646,2046,,"[[1394, 262], [1394, 273], [1401, 273], [1401, 262]]",4,,,77.0,7.0,11.0,,,,2025-09-02
71,ST1_WB_SI_DETECT_0137,0001,etc,etc_0001,675,2120,,"[[1286, 258], [1286, 273], [1290, 273], [1291, 272], [1291, 271], [1294, 268], [1294, 267], [1295, 266], [1295, 265], [1296, 264], [1296, 262], [1297, 261], [1297, 258]]",13,,,127.5,11.0,15.0,,,,2025-09-02
72,ST1_WB_SI_DETECT_0137,0002,etc,etc_0002,675,2120,,"[[1306, 258], [1306, 281], [1312, 281], [1312, 277], [1313, 276], [1313, 275], [1314, 274], [1314, 273], [1315, 272], [1316, 272], [1318, 270], [1319, 270], [1321, 268], [1325, 268], [1325, 258]]",15,,,301.5,19.0,23.0,,,,2025-09-02
73,ST1_WB_SI_DETECT_0140,0001,etc,etc_0001,666,2128,,"[[1488, 270], [1488, 273], [1486, 275], [1482, 275], [1482, 293], [1496, 293], [1496, 290], [1503, 283], [1503, 282], [1504, 281], [1504, 280], [1506, 278], [1509, 278], [1509, 277], [1506, 277], [1505, 276], [1505, 270]]",17,,,435.5,27.0,23.0,,,,2025-09-02
74,ST1_WB_SI_DETECT_0141,0001,etc,etc_0001,678,2122,,"[[1670, 318], [1670, 345], [1678, 345], [1678, 342], [1679, 341], [1679, 339], [1680, 338], [1680, 336], [1679, 335], [1679, 332], [1678, 331], [1678, 330], [1677, 329], [1677, 327], [1676, 326], [1676, 325], [1675, 324], [1675, 323], [1673, 321], [1673, 318]]",20,,,194.5,10.0,27.0,,,,2025-09-02
75,ST1_WB_SI_DETECT_0144,0001,etc,etc_0001,652,2080,,"[[1706, 270], [1706, 284], [1713, 284], [1715, 282], [1715, 280], [1716, 279], [1716, 276], [1715, 275], [1715, 270]]",9,,,128.0,10.0,14.0,,,,2025-09-02
76,ST1_WB_SI_DETECT_0144,0002,etc,etc_0002,652,2080,,"[[414, 286], [414, 308], [417, 308], [420, 305], [420, 304], [422, 302], [425, 302], [425, 286]]",8,,,209.5,11.0,22.0,,,,2025-09-02
77,ST1_WB_SI_DETECT_0146,0001,etc,etc_0001,655,2084,,"[[1266, 266], [1266, 279], [1270, 279], [1270, 278], [1271, 277], [1271, 276], [1274, 273], [1274, 272], [1275, 271], [1275, 270], [1276, 269], [1276, 266]]",12,,,98.0,10.0,13.0,,,,2025-09-02
78,ST1_WB_SI_DETECT_0147,0001,etc,etc_0001,647,2058,,"[[1530, 282], [1530, 301], [1537, 301], [1538, 302], [1538, 305], [1545, 305], [1545, 294], [1541, 294], [1539, 292], [1539, 290], [1540, 289], [1540, 288], [1541, 287], [1541, 286], [1542, 285], [1545, 285], [1545, 282]]",17,,,269.0,15.0,23.0,,,,2025-09-02
79,ST1_WB_SI_DETECT_0147,0002,etc,etc_0002,647,2058,,"[[1590, 286], [1590, 293], [1594, 293], [1595, 294], [1595, 297], [1599, 297], [1599, 292], [1600, 291], [1600, 286]]",9,,,85.0,10.0,11.0,,,,2025-09-02
80,ST1_WB_SI_DETECT_0147,0003,etc,etc_0003,647,2058,,"[[1678, 290], [1678, 306], [1681, 306], [1684, 309], [1685, 309], [1686, 310], [1687, 310], [1688, 311], [1689, 311], [1690, 312], [1693, 312], [1695, 314], [1695, 317], [1706, 317], [1706, 313], [1710, 309], [1713, 309], [1713, 301], [1710, 301], [1709, 300], [1709, 299], [1705, 295], [1705, 294], [1704, 293], [1704, 290]]",25,,,697.0,35.0,27.0,,,,2025-09-02
81,ST1_WB_SI_DETECT_0147,0004,etc,etc_0004,647,2058,,"[[1538, 310], [1538, 318], [1541, 318], [1542, 319], [1543, 319], [1546, 322], [1547, 322], [1548, 323], [1549, 323], [1550, 324], [1553, 324], [1554, 325], [1562, 325], [1563, 324], [1565, 324], [1566, 323], [1567, 323], [1568, 322], [1568, 319], [1566, 317], [1564, 317], [1563, 316], [1561, 316], [1560, 315], [1558, 315], [1556, 313], [1556, 310]]",27,,,310.0,30.0,15.0,,,,2025-09-02
82,ST1_WB_SI_DETECT_0149,0001,etc,etc_0001,623,1988,,"[[1438, 302], [1438, 317], [1441, 317], [1444, 314], [1444, 302]]",5,,,85.5,6.0,15.0,,,,2025-09-02
83,ST1_WB_SI_DETECT_0152,0001,etc,etc_0001,572,1838,,"[[1306, 254], [1306, 269], [1317, 269], [1317, 259], [1313, 259], [1312, 258], [1312, 254]]",7,,,140.5,11.0,15.0,,,,2025-09-02
84,ST1_WB_SI_DETECT_0152,0002,etc,etc_0002,572,1838,,"[[1369, 254], [1369, 258], [1368, 259], [1368, 260], [1367, 261], [1362, 261], [1362, 281], [1368, 281], [1368, 278], [1369, 277], [1370, 277], [1372, 275], [1373, 275], [1374, 274], [1375, 274], [1376, 275], [1379, 275], [1380, 276], [1381, 276], [1382, 277], [1386, 277], [1390, 273], [1390, 270], [1391, 269], [1391, 264], [1392, 263], [1392, 254], [1383, 254], [1383, 257], [1382, 258]]",30,,,591.5,30.0,27.0,,,,2025-09-02
85,ST1_WB_SI_DETECT_0153,0001,etc,etc_0001,568,1820,,"[[1398, 242], [1398, 253], [1409, 253], [1409, 242]]",4,,,121.0,11.0,11.0,,,,2025-09-02
86,ST1_WB_SI_DETECT_0155,0001,etc,etc_0001,580,1864,,"[[1482, 278], [1482, 291], [1486, 291], [1487, 292], [1488, 292], [1489, 293], [1494, 293], [1495, 292], [1497, 292], [1499, 290], [1500, 290], [1500, 289], [1502, 287], [1505, 287], [1505, 285], [1502, 285], [1501, 284], [1501, 283], [1500, 282], [1500, 278]]",20,,,264.5,23.0,15.0,,,,2025-09-02
87,ST1_WB_SI_DETECT_0157,0001,etc,etc_0001,621,1960,,"[[1274, 234], [1274, 245], [1278, 245], [1279, 244], [1282, 244], [1283, 243], [1284, 243], [1285, 242], [1286, 242], [1288, 240], [1289, 240], [1292, 237], [1292, 234]]",13,,,153.0,18.0,11.0,,,,2025-09-02
88,ST1_WB_SI_DETECT_0157,0002,etc,etc_0002,621,1960,,"[[1306, 246], [1306, 256], [1310, 256], [1311, 255], [1312, 255], [1313, 254], [1314, 254], [1314, 253], [1315, 252], [1315, 251], [1316, 250], [1316, 246]]",12,,,86.0,10.0,10.0,,,,2025-09-02
89,ST1_WB_SI_DETECT_0157,0003,etc,etc_0003,621,1960,,"[[626, 254], [626, 260], [630, 260], [632, 262], [633, 262], [637, 266], [637, 269], [646, 269], [646, 265], [648, 263], [648, 259], [647, 258], [647, 254]]",13,,,236.5,22.0,15.0,,,,2025-09-02
90,ST1_WB_SI_DETECT_0159,0001,crack,crack_0001,615,1984,,"[[738, 202], [745, 210], [751, 213], [756, 215], [760, 217], [764, 219], [770, 223], [778, 229], [788, 241], [790, 245], [792, 250], [794, 254], [796, 261], [798, 270], [798, 282], [796, 287], [794, 291], [792, 297], [797, 292], [800, 286], [802, 260], [799, 252], [797, 248], [795, 243], [792, 238], [790, 234], [779, 223], [771, 217], [767, 215], [763, 213]]",30,,,689.0,67.0,95.0,,,,2025-09-02
91,ST1_WB_SI_DETECT_0159,0002,etc,etc_0002,615,1984,,"[[1402, 258], [1402, 283], [1406, 283], [1407, 282], [1407, 281], [1408, 280], [1408, 279], [1412, 275], [1412, 273], [1413, 272], [1413, 271], [1414, 270], [1417, 270], [1417, 263], [1414, 263], [1413, 262], [1413, 258]]",17,,,266.5,15.0,25.0,,,,2025-09-02
92,ST1_WB_SI_DETECT_0160,0001,etc,etc_0001,609,1920,,"[[1434, 262], [1434, 279], [1440, 279], [1441, 280], [1442, 279], [1445, 279], [1446, 278], [1447, 278], [1449, 276], [1450, 276], [1453, 273], [1457, 273], [1457, 262]]",13,,,346.0,23.0,18.0,,,,2025-09-02
93,ST1_WB_SI_DETECT_0160,0002,etc,etc_0002,609,1920,,"[[690, 270], [690, 301], [693, 301], [694, 300], [694, 299], [695, 298], [695, 296], [696, 295], [696, 293], [697, 292], [697, 291], [698, 290], [701, 290], [701, 270]]",14,,,280.5,11.0,31.0,,,,2025-09-02
94,ST1_WB_SI_DETECT_0160,0003,crack,crack_0003,609,1920,,"[[706, 214], [717, 219], [721, 221], [726, 223], [730, 225], [734, 227], [739, 230], [747, 236], [750, 239], [752, 243], [755, 249], [757, 253], [760, 259], [762, 267], [762, 279], [760, 285], [758, 289], [754, 295], [752, 301], [757, 296], [762, 289], [765, 284], [767, 275], [767, 263], [765, 258], [763, 253], [760, 248], [758, 244], [754, 238], [745, 229]]",30,,,572.5,62.0,87.0,,,,2025-09-02
95,ST1_WB_SI_DETECT_0163,0001,etc,etc_0001,615,1942,,"[[638, 314], [638, 325], [641, 325], [642, 324], [649, 324], [650, 323], [651, 323], [652, 322], [653, 322], [654, 321], [657, 321], [657, 314]]",12,,,177.0,19.0,11.0,,,,2025-09-02
96,ST1_WB_SI_DETECT_0168,0001,etc,etc_0001,610,1940,,"[[1520, 270], [1520, 273], [1518, 275], [1514, 275], [1514, 283], [1518, 283], [1519, 282], [1520, 282], [1523, 279], [1524, 279], [1530, 273], [1533, 273], [1533, 270]]",13,,,134.0,19.0,13.0,,,,2025-09-02
